{
	"format_version": "1.8.0",
	"animations": {
		"animation.shelgon.ground_idle": {
			"loop": true,
			"animation_length": 3,
			"bones": {
				"base": {
					"rotation": {
						"0.0": [0, 0, 0],
						"3.0": [0, 0, 0]
					},
					"position": {
						"0.0": [0, 0, 0],
						"1.5": [0, -0.25, 0],
						"3.0": [0, 0, 0]
					},
					"scale": {
						"0.0": [1, 1, 1],
						"3.0": [1, 1, 1]
					}
				}
			}
		},
		"animation.shelgon.ground_walk": {
			"loop": true,
			"animation_length": 2.29167,
			"bones": {
				"base": {
					"rotation": {
						"0.0": [0, 0, 0],
						"2.2917": [0, 0, 0]
					},
					"position": {
						"0.0": [0, 0, 0],
						"1.5": [0, -1, 0],
						"2.2917": [0, 0, 0]
					},
					"scale": {
						"0.0": [1, 1, 1],
						"2.2917": [1, 1, 1]
					}
				},
				"paw": {
					"rotation": {
						"0.0": [0, 25, 0],
						"0.25": [0, 30, 0],
						"0.5": [0, 30, 0],
						"1.0": [0, 47.5, 0],
						"1.5": [0, 47.5, 0],
						"1.75": [-30, 47.5, 0],
						"2.0": [0, 47.5, 0],
						"2.2917": [0, 25, 0]
					},
					"position": {
						"0.0": [0, 0, 0],
						"0.25": [0, 0, 2],
						"0.5": [0, 0, 3],
						"0.75": [0, 0, 4],
						"1.0": [0, 0, 5],
						"1.25": [0, 0, 6],
						"1.5": [0, 1, 4],
						"1.75": [0, 0, 2],
						"2.0": [0, 0, 0],
						"2.2917": [0, 0, 0]
					},
					"scale": {
						"0.0": [1, 1, 1],
						"2.2917": [1, 1, 1]
					}
				},
				"paw2": {
					"rotation": {
						"0.0": [7.05323, -0.21762, 4.98107],
						"0.25": [-42.01738, -8.3898, -28.24912],
						"0.5": [-42.02, -8.39, -28.25],
						"1.0": [3.49637, 5.13662, 1.08011],
						"1.75": [2.29624, -32.32073, -1.10072],
						"2.0": [4.04562, -34.95624, 0.33581],
						"2.2917": [7.05323, -0.21762, 4.98107]
					},
					"position": {
						"0.0": [0, 1, 0],
						"0.25": [0, 1, -1],
						"0.5": [0, -1, -1.25],
						"1.0": [0, 0, -1.25],
						"1.25": [0, 0, -0.25],
						"1.5": [0, 0, 1.5],
						"1.75": [0, 0, 4.5],
						"2.0": [0, 0, 5.5],
						"2.2917": [0, 1, 0]
					}
				},
				"paw3": {
					"rotation": {
						"0.0": [0, 0, 0],
						"0.5": [0, 0, 0],
						"1.25": [12.99301, 9.50822, -21.67413],
						"1.75": [25.49301, 9.50822, -21.67413],
						"2.0": [-4.14738, 34.8844, -10.0275],
						"2.2917": [0, 0, 0]
					},
					"position": {
						"0.0": [0, 0, -1.5],
						"0.25": [0, 0, 0.5],
						"0.5": [0, 0, 1.5],
						"1.25": [0, 0, 1.5],
						"1.75": [0, 2, 0.5],
						"2.0": [0, 2, -3.5],
						"2.2917": [0, 0, -1.5]
					}
				},
				"paw4": {
					"rotation": {
						"0.0": [0, 0, 0],
						"0.5": [8.58, 14.62, 9.92],
						"0.75": [4.43005, -32.63535, 3.45441],
						"1.25": [-13.15709, -40.11344, 2.87463],
						"1.5": [-5.65709, -40.11344, 2.87463],
						"1.75": [1.84291, -40.11344, 2.87463],
						"2.2917": [0, 0, 0]
					},
					"position": {
						"0.0": [0, 0, 1],
						"0.25": [0, 1, 1],
						"0.5": [0, 1, 1],
						"0.75": [0, 0.5, -1.25],
						"1.25": [0, 0.5, -3.25],
						"1.5": [0, -0.25, -5.25],
						"1.75": [0, -0.25, -3.25],
						"2.0": [0, -0.25, -0.25],
						"2.2917": [0, 0, 1]
					}
				}
			}
		}
	}
}