{
	"format_version": "1.8.0",
	"animations": {
		"animation.butterfree_gmax.ground_idle": {
			"loop": true,
			"animation_length": 8,
			"bones": {
				"5": {
					"rotation": {
						"0.0": [-25, 0, 0],
						"2.0": [-40, 0, 0],
						"4.0": [-25, 0, 0],
						"6.0417": [-40, 0, 0],
						"8.0": [-25, 0, 0]
					},
					"position": {
						"0.0": [-1, 0, 0],
						"4.0": [-1, 0, 0],
						"8.0": [-1, 0, 0]
					}
				},
				"6": {
					"rotation": {
						"0.0": [-25, 0, 0],
						"2.0": [-40, 0, 0],
						"4.0": [-25, 0, 0],
						"6.0417": [-40, 0, 0],
						"8.0": [-25, 0, 0]
					},
					"position": {
						"0.0": [1, 0, 0],
						"4.0": [1, 0, 0],
						"8.0": [1, 0, 0]
					}
				},
				"bpody": {
					"rotation": {
						"0.0": [20, 0, 0],
						"4.0": [20, 0, 0],
						"8.0": [20, 0, 0]
					},
					"position": {
						"0.0": [0, 0, 0],
						"2.0": [0, -8, 0],
						"4.0": [0, 0, 0],
						"6.0417": [0, -8, 0],
						"8.0": [0, 0, 0]
					}
				},
				"bone11": {
					"rotation": {
						"0.0": [0, 70, 0],
						"2.0": [0, 90, 0],
						"4.0": [0, 70, 0],
						"6.0417": [0, 90, 0],
						"8.0": [0, 70, 0]
					}
				},
				"bone12": {
					"rotation": {
						"0.0": [0, -70, 0],
						"2.0": [0, -90, 0],
						"4.0": [0, -70, 0],
						"6.0417": [0, -90, 0],
						"8.0": [0, -70, 0]
					}
				},
				"head": {
					"rotation": {
						"0.0": [-12.38026, 0.1766, 0.51868],
						"2.0": [2.64125, -7.31552, 0.17404],
						"4.0": [-12.38026, 0.1766, 0.51868],
						"6.0417": [2.64339, 7.66872, 0.86359],
						"8.0": [-12.38026, 0.1766, 0.51868]
					}
				},
				"nubes": {
					"rotation": {
						"0.0": [0, 0, 0],
						"8.0": [0, 360, 0]
					},
					"position": [0, -3, 2]
				}
			}
		},
		"animation.butterfree_gmax.ground_walk": {
			"loop": true,
			"animation_length": 8,
			"bones": {
				"5": {
					"rotation": {
						"0.0": [-25, 0, 0],
						"1.0": [-40, 0, 0],
						"2.0": [-25, 0, 0],
						"3.0": [-40, 0, 0],
						"4.0": [-25, 0, 0],
						"5.0": [-40, 0, 0],
						"6.0": [-25, 0, 0],
						"7.0": [-40, 0, 0],
						"8.0": [-25, 0, 0]
					},
					"position": {
						"0.0": [-1, 0, 0],
						"2.0": [-1, 0, 0],
						"4.0": [-1, 0, 0],
						"6.0": [-1, 0, 0],
						"8.0": [-1, 0, 0]
					}
				},
				"6": {
					"rotation": {
						"0.0": [-25, 0, 0],
						"1.0": [-40, 0, 0],
						"2.0": [-25, 0, 0],
						"3.0": [-40, 0, 0],
						"4.0": [-25, 0, 0],
						"5.0": [-40, 0, 0],
						"6.0": [-25, 0, 0],
						"7.0": [-40, 0, 0],
						"8.0": [-25, 0, 0]
					},
					"position": {
						"0.0": [1, 0, 0],
						"2.0": [1, 0, 0],
						"4.0": [1, 0, 0],
						"6.0": [1, 0, 0],
						"8.0": [1, 0, 0]
					}
				},
				"bpody": {
					"rotation": {
						"0.0": [20, 0, 0],
						"2.0": [20, 0, 0],
						"4.0": [20, 0, 0],
						"6.0": [20, 0, 0],
						"8.0": [20, 0, 0]
					},
					"position": {
						"0.0": [0, 0, 0],
						"1.0": [0, -8, 0],
						"2.0": [0, 0, 0],
						"3.0": [0, -8, 0],
						"4.0": [0, 0, 0],
						"5.0": [0, -8, 0],
						"6.0": [0, 0, 0],
						"7.0": [0, -8, 0],
						"8.0": [0, 0, 0]
					}
				},
				"bone11": {
					"rotation": {
						"0.0": [0, 70, 0],
						"1.0": [0, 90, 0],
						"2.0": [0, 70, 0],
						"3.0": [0, 90, 0],
						"4.0": [0, 70, 0],
						"5.0": [0, 90, 0],
						"6.0": [0, 70, 0],
						"7.0": [0, 90, 0],
						"8.0": [0, 70, 0]
					}
				},
				"bone12": {
					"rotation": {
						"0.0": [0, -70, 0],
						"1.0": [0, -90, 0],
						"2.0": [0, -70, 0],
						"3.0": [0, -90, 0],
						"4.0": [0, -70, 0],
						"5.0": [0, -90, 0],
						"6.0": [0, -70, 0],
						"7.0": [0, -90, 0],
						"8.0": [0, -70, 0]
					}
				},
				"head": {
					"rotation": {
						"0.0": [-12.38026, 0.1766, 0.51868],
						"1.0": [2.64125, -7.31552, 0.17404],
						"2.0": [-12.38026, 0.1766, 0.51868],
						"3.0": [2.64339, 7.66872, 0.86359],
						"4.0": [-12.38026, 0.1766, 0.51868],
						"5.0": [2.64125, -7.31552, 0.17404],
						"6.0": [-12.38026, 0.1766, 0.51868],
						"7.0": [2.64339, 7.66872, 0.86359],
						"8.0": [-12.38026, 0.1766, 0.51868]
					}
				},
				"nubes": {
					"rotation": {
						"0.0": [0, 0, 0],
						"8.0": [0, 360, 0]
					},
					"position": [0, -3, 2]
				}
			}
		}
	}
}