{
	"format_version": "1.8.0",
	"animations": {
		"animation.chewtle.ground_idle": {
			"loop": true,
			"animation_length": 2,
			"bones": {
				"1": {
					"rotation": {
						"0.0": [0, 0, 0],
						"1.0": [0, 5, 0],
						"2.0": [0, 0, 0]
					},
					"position": {
						"0.0": [0, 0, 0],
						"1.0": [0, 0.8, 0],
						"2.0": [0, 0, 0]
					}
				},
				"2": {
					"position": {
						"0.0": [0, 0, 0],
						"1.0": [0, 0.8, 0],
						"2.0": [0, 0, 0]
					}
				},
				"3": {
					"rotation": {
						"0.0": [0, 0, 0],
						"1.0": [0, -5, 0],
						"2.0": [0, 0, 0]
					},
					"position": {
						"0.0": [0, 0, 0],
						"1.0": [0, 0.8, 0],
						"2.0": [0, 0, 0]
					}
				},
				"5": {
					"position": {
						"0.0": [0, 0, 0],
						"1.0": [0, 0.8, 0],
						"2.0": [0, 0, 0]
					}
				},
				"chewtle": {
					"position": {
						"0.0": [0, 0, 0],
						"1.0": [0, -1, 0],
						"2.0": [0, 0, 0]
					}
				},
				"head": {
					"rotation": {
						"0.0": [0, 0, 0],
						"1.0": [1.99878, -0.06978, 1.99878],
						"2.0": [0, 0, 0]
					}
				},
				"mandibula": {
					"rotation": {
						"0.0": [0, 0, 0],
						"1.0": [-10, 0, -10],
						"2.0": [0, 0, 0]
					}
				},
				"cola": {
					"rotation": {
						"0.0": [0, 0, 0],
						"1.0": [10, 0, 10],
						"2.0": [0, 0, 0]
					}
				}
			}
		},
		"animation.chewtle.ground_walk": {
			"loop": true,
			"animation_length": 1,
			"bones": {
				"2": {
					"position": {
						"0.0": [0, 0, 0],
						"0.5": [0, -1, 0],
						"1.0": [0, 0, 0]
					}
				},
				"5": {
					"position": {
						"0.0": [0, 0, 0],
						"0.5": [0, -1, 0],
						"1.0": [0, 0, 0]
					}
				},
				"chewtle": {
					"rotation": {
						"0.0": [-10, 0, 0],
						"0.5": [2.5, 0, 0],
						"1.0": [-10, 0, 0]
					},
					"position": {
						"0.0": [0, 3, 0],
						"0.5": [0, 1, 0],
						"1.0": [0, 3, 0]
					}
				},
				"head": {
					"rotation": {
						"0.0": [5, 0, 5],
						"0.5": [12.45744, -0.65182, 12.47178],
						"1.0": [5, 0, 5]
					}
				},
				"mandibula": {
					"rotation": {
						"0.0": [0, 0, 0],
						"0.5": [-9.99067, -0.43399, -9.96207],
						"1.0": [0, 0, 0]
					}
				},
				"cola": {
					"rotation": {
						"0.0": [0, 0, 0],
						"0.5": [9.85108, -1.72794, 9.85108],
						"1.0": [0, 0, 0]
					}
				},
				"art": {
					"rotation": {
						"0.0": [-27.5, 0, -25],
						"0.5": [-1.14638, 8.41816, -1.40036],
						"1.0": [-27.5, 0, -25]
					}
				},
				"art2": {
					"rotation": {
						"0.0": [9.58849, -2.96911, 9.55896],
						"0.5": [-4.459, -2.3107, -5.45673],
						"1.0": [9.58849, -2.96911, 9.55896]
					}
				},
				"art3": {
					"rotation": {
						"0.0": [-25, 0, -25],
						"0.5": [1.5523, 7.30111, -1.02406],
						"1.0": [-25, 0, -25]
					}
				},
				"art5": {
					"rotation": {
						"0.0": [0, 0, 10],
						"0.5": [0, 0, -5],
						"1.0": [0, 0, 10]
					}
				}
			}
		}
	}
}