{
	"format_version": "1.8.0",
	"animations": {
		"animation.deoxys_defense.ground_walk": {
			"loop": true,
			"animation_length": 2.5,
			"bones": {
				"1": {
					"rotation": {
						"0.0": [0, -22.5, 0],
						"0.5": [-2.06754, -22.40972, 5.40961],
						"1.0": [0, -22.5, 0],
						"1.5": [-2.06754, -22.40972, 5.40961],
						"2.0": [0, -22.5, 0],
						"2.5": [0, -22.5, 0]
					}
				},
				"2": {
					"rotation": {
						"0.0": [0, 20, 0],
						"1.0": [0, 20, 0],
						"2.0": [0, 20, 0],
						"2.5": [0, 20, 0]
					}
				},
				"3": {
					"rotation": {
						"0.0": [0, -20, 0],
						"1.0": [0, -20, 0],
						"2.0": [0, -20, 0],
						"2.5": [0, -20, 0]
					}
				},
				"4": {
					"rotation": {
						"0.0": [0, 20, 0],
						"1.0": [0, 20, 0],
						"2.0": [0, 20, 0],
						"2.5": [0, 20, 0]
					}
				},
				"bone": {
					"rotation": {
						"0.0": [20, 0, 0],
						"1.0": [20, 0, 0],
						"2.0": [20, 0, 0],
						"2.5": [20, 0, 0]
					},
					"position": {
						"0.0": [0, 12, 0],
						"0.5": [0, 4, 0],
						"1.0": [0, 11, 0],
						"1.5": [0, 4, 0],
						"2.0": [0, 11, 0],
						"2.5": [0, 12, 0]
					}
				},
				"torzoalto": {
					"rotation": {
						"0.0": [0, 0, 0],
						"0.5": [10, 0, 0],
						"1.0": [0, 0, 0],
						"1.5": [20, 0, 0],
						"2.0": [7.5, 0, 0],
						"2.5": [0, 0, 0]
					}
				},
				"cabeza": {
					"rotation": {
						"0.0": [-10, 0, 0],
						"1.0": [-10, 0, 0],
						"2.0": [-10, 0, 0],
						"2.5": [-10, 0, 0]
					}
				},
				"brazo": {
					"rotation": {
						"0.0": [0, 0, 20],
						"0.5": [0, 0, 27.5],
						"1.0": [0, 0, 20],
						"1.5": [0, 0, 27.5],
						"2.0": [0, 0, 20],
						"2.5": [0, 0, 20]
					}
				},
				"bone3": {
					"rotation": {
						"0.0": [0, 0, 0],
						"1.0": [0, 0, 0],
						"1.5": [0, 0, -17.5],
						"2.0": [0, 0, 0],
						"2.5": [0, 0, 0]
					}
				},
				"bone6": {
					"rotation": {
						"0.0": [0, 0, 0],
						"1.0": [0, 0, 0],
						"1.5": [0, 0, -20],
						"2.0": [0, 0, 0],
						"2.5": [0, 0, 0]
					}
				},
				"brazo2": {
					"rotation": {
						"0.0": [0, 0, 5],
						"0.5": [0, 0, -10],
						"1.0": [0, 0, 5],
						"1.5": [0, 0, -10],
						"2.0": [0, 0, 5],
						"2.5": [0, 0, 5]
					}
				},
				"bone9": {
					"rotation": {
						"0.0": [0, 0, 0],
						"0.5": [0, 0, 12.5],
						"1.0": [0, 0, 0],
						"2.5": [0, 0, 0]
					}
				},
				"bone12": {
					"rotation": {
						"0.0": [0, 0, 0],
						"0.5": [0, 0, 10],
						"1.0": [0, 0, 0],
						"2.5": [0, 0, 0]
					}
				},
				"pierna22": {
					"rotation": {
						"0.0": [-22.5, 0, 0],
						"0.5": [-65, 0, 0],
						"1.0": [-22.5, 0, 0],
						"1.5": [-65, 0, 0],
						"2.0": [-22.5, 0, 0],
						"2.5": [-22.5, 0, 0]
					}
				},
				"art": {
					"rotation": {
						"0.0": [25, 0, 0],
						"0.5": [60, 0, 0],
						"1.0": [25, 0, 0],
						"1.5": [60, 0, 0],
						"2.0": [25, 0, 0],
						"2.5": [25, 0, 0]
					},
					"position": {
						"0.0": [0, 1, 0],
						"1.0": [0, 1, 0],
						"2.0": [0, 1, 0],
						"2.5": [0, 1, 0]
					}
				},
				"pierna": {
					"rotation": {
						"0.0": [-55, 0, 0],
						"0.5": [-20, 0, 0],
						"1.0": [-55, 0, 0],
						"1.5": [-20, 0, 0],
						"2.0": [-55, 0, 0],
						"2.5": [-55, 0, 0]
					}
				},
				"art2": {
					"rotation": {
						"0.0": [55, 0, 0],
						"0.5": [20, 0, 0],
						"1.0": [55, 0, 0],
						"1.5": [20, 0, 0],
						"2.0": [55, 0, 0],
						"2.5": [55, 0, 0]
					},
					"position": {
						"0.0": [0, 0, -3],
						"1.0": [0, 0, -3],
						"2.0": [0, 0, -3],
						"2.5": [0, 0, -3]
					}
				}
			}
		},
		"animation.deoxys_defense.faint": {
			"animation_length": 7,
			"bones": {
				"2": {
					"rotation": {
						"0.0": [0, 0, -12.5],
						"2.625": [0, 0, -12.5]
					}
				},
				"4": {
					"rotation": {
						"0.0": [0, 0, -10],
						"2.625": [0, 0, -10]
					}
				},
				"bone": {
					"rotation": {
						"0.0": [0, 0, 0],
						"2.625": [0, 0, 0],
						"3.5": [50.96314, -5.86775, -3.14271]
					},
					"position": {
						"0.0": [0, 0, 0],
						"0.5": [0, -5, -7],
						"0.7917": [-1, -5, -7],
						"0.8333": [0, -5, -7],
						"0.875": [-1, -5, -7],
						"0.9167": [0, -5, -7],
						"0.9583": [-1, -5, -7],
						"1.0": [-1, -5, -7],
						"1.0417": [0, -5, -7],
						"1.0833": [-1, -5, -7],
						"1.125": [0, -5, -7],
						"1.1667": [-1, -5, -7],
						"1.2083": [-1, -5, -7],
						"1.25": [0, -5, -7],
						"1.2917": [-1, -5, -7],
						"1.3333": [0, -5, -7],
						"1.375": [-1, -5, -7],
						"1.4167": [-1, -5, -7],
						"1.4583": [0, -5, -7],
						"1.5": [-1, -5, -7],
						"1.5417": [0, -5, -7],
						"1.5833": [-1, -5, -7],
						"1.625": [-1, -5, -7],
						"1.6667": [0, -5, -7],
						"1.7083": [-1, -5, -7],
						"1.75": [0, -5, -7],
						"1.7917": [-1, -5, -7],
						"1.8333": [-1, -5, -7],
						"1.875": [0, -5, -7],
						"1.9167": [-1, -5, -7],
						"1.9583": [0, -5, -7],
						"2.0": [-1, -5, -7],
						"2.0417": [-1, -5, -7],
						"2.0833": [0, -5, -7],
						"2.125": [-1, -5, -7],
						"2.1667": [0, -5, -7],
						"2.2083": [-1, -5, -7],
						"2.25": [-1, -5, -7],
						"2.2917": [0, -5, -7],
						"2.3333": [-1, -5, -7],
						"2.375": [0, -5, -7],
						"2.4167": [-1, -5, -7],
						"2.4583": [-1, -5, -7],
						"2.5": [0, -5, -7],
						"2.5417": [-1, -5, -7],
						"2.5833": [0, -5, -7],
						"3.5": [0, -8, -7]
					}
				},
				"torzoalto": {
					"rotation": {
						"0.0": [0, 0, 0],
						"0.5": [12.5, 0, 0],
						"2.625": [12.5, 0, 0],
						"3.5": [35, 0, 0]
					},
					"position": {
						"0.0": [0, 0, 0],
						"3.5": [0, -3, 0]
					}
				},
				"cabeza": {
					"rotation": {
						"0.0": [0, 0, 0],
						"2.625": [0, 0, 0],
						"3.5": [-62.26879, 24.73906, 12.40748],
						"4.0": [12.73121, 24.73906, 12.40748]
					}
				},
				"brazo": {
					"rotation": {
						"0.0": [0, 100, 0],
						"2.625": [0, 100, 0],
						"3.5": [-137.71543, 33.62379, -20.14586]
					},
					"position": {
						"0.0": [1, -2, 0],
						"2.625": [1, -2, 0]
					}
				},
				"bone3": {
					"rotation": {
						"0.0": [0, 72.5, 85],
						"2.625": [0, 72.5, 85],
						"3.5": [-99.99467, 28.48042, 4.8491]
					}
				},
				"bone6": {
					"rotation": {
						"0.0": [0, 25, 77.5],
						"2.625": [0, 25, 77.5],
						"3.5": [-48.81193, 10.35069, 103.54467]
					}
				},
				"brazo2": {
					"rotation": {
						"0.0": [0, -110, 0],
						"2.625": [0, -110, 0],
						"3.5": [-163.38852, -16.41371, 96.15491]
					},
					"position": {
						"0.0": [-1, -1.6, 0],
						"2.625": [-1, -1.6, 0]
					}
				},
				"bone9": {
					"rotation": {
						"0.0": [-12.49325, 15.74419, -79.23412],
						"2.625": [-12.49325, 15.74419, -79.23412],
						"3.5": [-109.34843, 6.3253, 2.66098]
					}
				},
				"bone12": {
					"rotation": {
						"0.0": [0, -55, -57.5],
						"2.625": [0, -55, -57.5],
						"3.5": [-95.24133, 17.43127, -329.0741]
					}
				},
				"cintura": {
					"rotation": {
						"0.0": [0, 0, 0],
						"2.625": [0, 0, 0],
						"3.5": [25, 0, 0]
					},
					"position": {
						"0.0": [0, 0, 0],
						"2.625": [0, 0, 0],
						"3.5": [0, -2.6, 0]
					}
				},
				"pierna22": {
					"rotation": {
						"0.0": [0, 0, 0],
						"0.5": [-40, 0, 0],
						"2.625": [-40, 0, 0],
						"3.5": [-7.5, 0, 0]
					}
				},
				"art": {
					"rotation": {
						"0.0": [0, 0, 0],
						"0.5": [95, 0, 0],
						"2.625": [95, 0, 0]
					}
				},
				"pierna": {
					"rotation": {
						"0.0": [0, 0, 0],
						"0.5": [-65, 0, 0],
						"2.625": [-65, 0, 0],
						"3.5": [5, 0, 0]
					}
				},
				"art2": {
					"rotation": {
						"0.0": [0, 0, 0],
						"0.5": [7.5, 0, 0],
						"2.625": [7.5, 0, 0]
					}
				},
				"art3": {
					"rotation": {
						"0.0": [0, 0, 0],
						"0.5": [57.5, 0, 0],
						"2.625": [57.5, 0, 0]
					},
					"position": {
						"0.0": [0, 0, 0],
						"0.5": [0, 1.2, 0],
						"2.625": [0, 1.2, 0]
					}
				}
			}
		},
		"animation.deoxys_defense.ground_idle": {
			"loop": true,