{
	"format_version": "1.8.0",
	"animations": {
		"animation.eevee_gmax.ground_idle": {
			"loop": true,
			"animation_length": 10,
			"bones": {
				"1": {
					"rotation": {
						"0.0": [0, 0, 0],
						"1.0": [-7.5, 7.5, 0],
						"1.9583": [0, 0, 0],
						"3.0": [-7.5, 7.5, 0],
						"3.9583": [0, 0, 0],
						"5.0": [-7.5, 7.5, 0],
						"5.9583": [0, 0, 0],
						"7.0": [-7.5, 7.5, 0],
						"7.9583": [0, 0, 0],
						"9.0": [-7.5, 7.5, 0],
						"9.9583": [0, 0, 0]
					}
				},
				"2": {
					"rotation": {
						"0.0": [0, 0, 0],
						"1.0417": [-7.46258, 4.92385, 0.87038],
						"1.9583": [0, 0, 0],
						"3.0417": [-7.46258, 4.92385, 0.87038],
						"3.9583": [0, 0, 0],
						"5.0417": [-7.46258, 4.92385, 0.87038],
						"5.9583": [0, 0, 0],
						"7.0417": [-7.46258, 4.92385, 0.87038],
						"7.9583": [0, 0, 0],
						"9.0417": [-7.46258, 4.92385, 0.87038],
						"9.9583": [0, 0, 0]
					}
				},
				"3": {
					"position": {
						"0.0": [0, 0, 0],
						"1.0": [0, 1, 0],
						"1.9583": [0, 0, 0],
						"3.0": [0, 1, 0],
						"3.9583": [0, 0, 0],
						"5.0": [0, 1, 0],
						"5.9583": [0, 0, 0],
						"7.0": [0, 1, 0],
						"7.9583": [0, 0, 0],
						"9.0": [0, 1, 0],
						"9.9583": [0, 0, 0]
					}
				},
				"felpudo": {
					"position": {
						"0.0": [0, 0, 0],
						"1.0": [0, -1, 0],
						"1.9583": [0, 0, 0],
						"3.0": [0, -1, 0],
						"3.9583": [0, 0, 0],
						"5.0": [0, -1, 0],
						"5.9583": [0, 0, 0],
						"7.0": [0, -1, 0],
						"7.9583": [0, 0, 0],
						"9.0": [0, -1, 0],
						"9.9583": [0, 0, 0]
					}
				},
				"head": {
					"rotation": {
						"0.0": [0, 0, 0],
						"1.0": [0, 0, 7.5],
						"1.9583": [0, 0, 0],
						"3.0": [0, 0, 7.5],
						"3.9583": [0, 0, 0],
						"5.0": [0, 0, 7.5],
						"5.9583": [0, 0, 0],
						"7.0": [0, 0, 7.5],
						"7.9583": [0, 0, 0],
						"9.0": [0, 0, 7.5],
						"9.9583": [0, 0, 0]
					}
				},
				"nube": {
					"rotation": {
						"0.0": [0, 0, 0],
						"10.0": [0, 0, -360]
					}
				},
				"bone": {
					"position": {
						"0.0": [0, 0, 0],
						"1.0": [0, 1, 0],
						"1.9583": [0, 0, 0],
						"3.0": [0, 1, 0],
						"3.9583": [0, 0, 0],
						"5.0": [0, 1, 0],
						"5.9583": [0, 0, 0],
						"7.0": [0, 1, 0],
						"7.9583": [0, 0, 0],
						"9.0": [0, 1, 0],
						"9.9583": [0, 0, 0]
					}
				},
				"bone2": {
					"position": {
						"0.0": [0, 0, 0],
						"1.0": [0, 1, 0],
						"1.9583": [0, 0, 0],
						"3.0": [0, 1, 0],
						"3.9583": [0, 0, 0],
						"5.0": [0, 1, 0],
						"5.9583": [0, 0, 0],
						"7.0": [0, 1, 0],
						"7.9583": [0, 0, 0],
						"9.0": [0, 1, 0],
						"9.9583": [0, 0, 0]
					}
				},
				"bone3": {
					"position": {
						"0.0": [0, 0, 0],
						"1.0": [0, 1, 0],
						"1.9583": [0, 0, 0],
						"3.0": [0, 1, 0],
						"3.9583": [0, 0, 0],
						"5.0": [0, 1, 0],
						"5.9583": [0, 0, 0],
						"7.0": [0, 1, 0],
						"7.9583": [0, 0, 0],
						"9.0": [0, 1, 0],
						"9.9583": [0, 0, 0]
					}
				},
				"cola": {
					"rotation": {
						"0.0": [0, 0, 0],
						"1.0": [0, 0, 7.5],
						"2.0": [0, 0, 0],
						"3.0": [0, 0, 7.5],
						"4.0": [0, 0, 0],
						"5.0": [0, 0, 7.5],
						"6.0": [0, 0, 0],
						"7.0": [0, 0, 7.5],
						"8.0": [0, 0, 0],
						"9.0": [0, 0, 7.5],
						"10.0": [0, 0, 0]
					}
				}
			}
		},
		"animation.eevee_gmax.ground_walk": {
			"loop": true,
			"animation_length": 10,
			"bones": {
				"3": {
					"rotation": {
						"0.0": [0, 0, 0],
						"0.5": [0, 0, -45],
						"1.0": [0, 0, 2.5],
						"1.5": [0, 0, -45],
						"2.0": [0, 0, 2.5],
						"2.5": [0, 0, -45],
						"3.0": [0, 0, 2.5],
						"3.5": [0, 0, -45],
						"4.0": [0, 0, 2.5],
						"4.5": [0, 0, -45],
						"5.0": [0, 0, 2.5],
						"5.5": [0, 0, -45],
						"6.0": [0, 0, 2.5],
						"6.5": [0, 0, -45],
						"7.0": [0, 0, 2.5],
						"7.5": [0, 0, -45],
						"8.0": [0, 0, 2.5],
						"8.5": [0, 0, -45],
						"9.0": [0, 0, 2.5],
						"9.5": [0, 0, -45],
						"10.0": [0, 0, 0]
					}
				},
				"felpudo": {
					"rotation": {
						"0.0": [0, 0, 0],
						"0.5": [0, 0, 0],
						"1.0": [0, 0, 0],
						"1.5": [0, 0, 0],
						"2.0": [0, 0, 0],
						"2.5": [0, 0, 0],
						"3.0": [0, 0, 0],
						"3.5": [0, 0, 0],
						"4.0": [0, 0, 0],
						"4.5": [0, 0, 0],
						"5.0": [0, 0, 0],
						"5.5": [0, 0, 0],
						"6.0": [0, 0, 0],
						"6.5": [0, 0, 0],
						"7.0": [0, 0, 0],
						"7.5": [0, 0, 0],
						"8.0": [0, 0, 0],
						"8.5": [0, 0, 0],
						"9.0": [0, 0, 0],
						"9.5": [0, 0, 0],
						"10.0": [0, 0, 0]
					},
					"position": {
						"0.0": [0, 0, 0],
						"0.5": [0, 13, 0],
						"1.0": [0, 2, 0],
						"1.5": [0, 13, 0],
						"2.0": [0, 2, 0],
						"2.5": [0, 13, 0],
						"3.0": [0, 2, 0],
						"3.5": [0, 13, 0],
						"4.0": [0, 2, 0],
						"4.5": [0, 13, 0],
						"5.0": [0, 2, 0],
						"5.5": [0, 13, 0],
						"6.0": [0, 2, 0],
						"6.5": [0, 13, 0],
						"7.0": [0, 2, 0],
						"7.5": [0, 13, 0],
						"8.0": [0, 2, 0],
						"8.5": [0, 13, 0],
						"9.0": [0, 2, 0],
						"9.5": [0, 13, 0],
						"10.0": [0, 0, 0]
					}
				},
				"head": {
					"rotation": {
						"0.0": [0, 0, 0],
						"0.5": [0, 0, 12.5],
						"1.0": [0, 0, -2.5],
						"1.5": [0, 0, 12.5],
						"2.0": [0, 0, -2.5],
						"2.5": [0, 0, 12.5],
						"3.0": [0, 0, -2.5],
						"3.5": [0, 0, 12.5],
						"4.0": [0, 0, -2.5],
						"4.5": [0, 0, 12.5],
						"5.0": [0, 0, -2.5],
						"5.5": [0, 0, 12.5],
						"6.0": [0, 0, -2.5],
						"6.5": [0, 0, 12.5],
						"7.0": [0, 0, -2.5],
						"7.5": [0, 0, 12.5],
						"8.0": [0, 0, -2.5],
						"8.5": [0, 0, 12.5],
						"9.0": [0, 0, -2.5],
						"9.5": [0, 0, 12.5],
						"10.0": [0, 0, 0]
					}
				},
				"nube": {
					"rotation": {
						"0.0": [0, 0, 0],
						"10.0": [0, 0, -360]
					}
				},
				"bone": {
					"rotation": {
						"0.0": [0, 0, 0],
						"0.5": [0, 0, -40],
						"1.0": [0, 0, 2.5],
						"1.5": [0, 0, -40],
						"2.0": [0, 0, 2.5],
						"2.5": [0, 0, -40],
						"3.0": [0, 0, 2.5],
						"3.5": [0, 0, -40],
						"4.0": [0, 0, 2.5],
						"4.5": [0, 0, -40],
						"5.0": [0, 0, 2.5],
						"5.5": [0, 0, -40],
						"6.0": [0, 0, 2.5],
						"6.5": [0, 0, -40],
						"7.0": [0, 0, 2.5],
						"7.5": [0, 0, -40],
						"8.0": [0, 0, 2.5],
						"8.5": [0, 0, -40],
						"9.0": [0, 0, 2.5],
						"9.5": [0, 0, -40],
						"10.0": [0, 0, 0]
					}
				},
				"bone2": {
					"rotation": {
						"0.0": [0, 0, 0],
						"0.5": [0, 0, 45],
						"1.0": [0, 0, 0],
						"1.5": [0, 0, 45],
						"2.0": [0, 0, 0],
						"2.5": [0, 0, 45],
						"3.0": [0, 0, 0],
						"3.5": [0, 0, 45],
						"4.0": [0, 0, 0],
						"4.5": [0, 0, 45],
						"5.0": [0, 0, 0],
						"5.5": [0, 0, 45],
						"6.0": [0, 0, 0],
						"6.5": [0, 0, 45],
						"7.0": [0, 0, 0],
						"7.5": [0, 0, 45],
						"8.0": [0, 0, 0],
						"8.5": [0, 0, 45],
						"9.0": [0, 0, 0],
						"9.5": [0, 0, 45],
						"10.0": [0, 0, 0]
					}
				},
				"bone3": {
					"rotation": {
						"0.0": [0, 0, 0],
						"0.5": [0, 0, 32.5],
						"1.0": [0, 0, 0],
						"1.5": [0, 0, 32.5],
						"2.0": [0, 0, 0],
						"2.5": [0, 0, 32.5],
						"3.0": [0, 0, 0],
						"3.5": [0, 0, 32.5],
						"4.0": [0, 0, 0],
						"4.5": [0, 0, 32.5],
						"5.0": [0, 0, 0],
						"5.5": [0, 0, 32.5],
						"6.0": [0, 0, 0],
						"6.5": [0, 0, 32.5],
						"7.0": [0, 0, 0],
						"7.5": [0, 0, 32.5],
						"8.0": [0, 0, 0],
						"8.5": [0, 0, 32.5],
						"9.0": [0, 0, 0],
						"9.5": [0, 0, 32.5],
						"10.0": [0, 0, 0]
					}
				},
				"cola": {
					"rotation": {
						"0.0": [0, 0, 0],
						"0.5": [0, 0, 20],
						"1.0": [0, 0, -15],
						"1.5": [0, 0, 20],
						"2.0": [0, 0, -15],
						"2.5": [0, 0, 20],
						"3.0": [0, 0, -15],
						"3.5": [0, 0, 20],
						"4.0": [0, 0, -15],
						"4.5": [0, 0, 20],
						"5.0": [0, 0, -15],
						"5.5": [0, 0, 20],
						"6.0": [0, 0, -15],
						"6.5": [0, 0, 20],
						"7.0": [0, 0, -15],
						"7.5": [0, 0, 20],