{
	"format_version": "1.8.0",
	"animations": {
		"animation.pangoro.ground_idle": {
			"loop": true,
			"animation_length": 2,
			"bones": {
				"2": {
					"position": {
						"0.0": [0, 0, -3],
						"2.0": [0, 0, -3]
					}
				},
				"body": {
					"rotation": {
						"0.0": [20, 0, 0],
						"2.0": [20, 0, 0]
					},
					"position": {
						"0.0": [0, 0, 0],
						"1.0": [0, -1, 0],
						"2.0": [0, 0, 0]
					}
				},
				"brazos": {
					"rotation": {
						"0.0": [-29.3024, -32.10456, 31.62427],
						"1.0": [-24.123, -26.83362, 41.39483],
						"2.0": [-29.3024, -32.10456, 31.62427]
					}
				},
				"art": {
					"rotation": {
						"0.0": [112.00942, 76.55188, 111.46148],
						"2.0": [112.00942, 76.55188, 111.46148]
					}
				},
				"brazos2": {
					"rotation": {
						"0.0": [4.71238, 14.71478, -45.33774],
						"1.0": [2.7099, 15.20099, -53.08488],
						"2.0": [4.71238, 14.71478, -45.33774]
					}
				},
				"art2": {
					"rotation": {
						"0.0": [-108.67681, -74.20678, 108.01813],
						"2.0": [-108.67681, -74.20678, 108.01813]
					}
				},
				"cabeza": {
					"rotation": {
						"0.0": [-15, 0, 0],
						"1.0": [-5, 0, 0],
						"2.0": [-15, 0, 0]
					}
				}
			}
		},
		"animation.pangoro.ground_walk": {
			"loop": true,
			"animation_length": 1.25,
			"bones": {
				"1": {
					"rotation": {
						"0.0": [0, 0, 0],
						"0.5": [0, 0, 0],
						"0.75": [-20, 0, 0],
						"1.0": [0, 0, 0],
						"1.25": [0, 0, 0]
					},
					"position": {
						"0.0": [0, 0, 0],
						"0.5": [0, 0, 0],
						"0.75": [0, 3, -7],
						"1.0": [0, 0, -7],
						"1.25": [0, 0, 0]
					}
				},
				"2": {
					"rotation": {
						"0.0": [0, 0, 0],
						"0.25": [-20, 0, 0],
						"0.5": [0, 0, 0],
						"1.25": [0, 0, 0]
					},
					"position": {
						"0.0": [0, 0, 0],
						"0.25": [0, 2, -8],
						"0.5": [0, 0, -8],
						"0.75": [0, -1, -1],
						"1.25": [0, 0, 0]
					}
				},
				"body": {
					"rotation": {
						"0.0": [0, 0, 0],
						"0.25": [7.5, 0, 0],
						"1.25": [0, 0, 0]
					},
					"position": {
						"0.0": [0, -1, 0],
						"0.25": [0, 0, -3],
						"0.5": [0, -2, -3],
						"0.75": [0, 0, -3],
						"1.0": [0, -2, -3],
						"1.25": [0, -1, 0]
					}
				},
				"brazos": {
					"rotation": {
						"0.0": [0, -20, 47.5],
						"0.75": [0, 10, 47.5],
						"1.25": [0, -20, 47.5]
					}
				},
				"art": {
					"rotation": {
						"0.0": [0, 85, 0],
						"1.25": [0, 85, 0]
					},
					"position": {
						"0.0": [0, 0, 3],
						"1.25": [0, 0, 3]
					}
				},
				"brazos2": {
					"rotation": {
						"0.0": [0, 25, -50],
						"0.25": [0, 10, -50],
						"0.75": [0, 45, -50],
						"1.25": [0, 25, -50]
					}
				},
				"art2": {
					"rotation": {
						"0.0": [0, -67.5, 0],
						"1.25": [0, -67.5, 0]
					},
					"position": {
						"0.0": [0, 0, 2],
						"1.25": [0, 0, 2]
					}
				}
			}
		}
	}
}