{
	"format_version": "1.8.0",
	"animations": {
		"animation.vigoroth.ground_idle": {
			"loop": true,
			"animation_length": 2,
			"bones": {
				"3": {
					"rotation": {
						"0.0": [185.39734, 83.62362, 144.78133],
						"1.0": [356.6932, 86.91957, 316.08188],
						"2.0": [185.39734, 83.62362, 144.78133]
					},
					"position": {
						"0.0": [0, -2, 0],
						"2.0": [0, -2, 0]
					}
				},
				"4": {
					"rotation": {
						"0.0": [0, 0, 0],
						"1.0": [0, -10, 0],
						"2.0": [0, 0, 0]
					}
				},
				"torzo": {
					"position": {
						"0.0": [0, 0, 0],
						"1.0": [0, -1, 0],
						"2.0": [0, 0, 0]
					}
				},
				"art5": {
					"rotation": {
						"0.0": [47.01476, -23.66195, -0.11837],
						"2.0": [47.01476, -23.66195, -0.11837]
					},
					"position": {
						"0.0": [0, 1, -2],
						"2.0": [0, 1, -2]
					}
				},
				"mano3": {
					"rotation": {
						"0.0": [-3.21549, -4.17796, 0.64039],
						"2.0": [-3.21549, -4.17796, 0.64039]
					},
					"position": {
						"0.0": [0, 0, 0],
						"2.0": [0, 0, 0]
					}
				},
				"head": {
					"rotation": {
						"0.0": [0, 0, 0],
						"1.0": [4.76837, -6.13784, 4.31837],
						"2.0": [0, 0, 0]
					}
				},
				"mandibula": {
					"rotation": {
						"0.0": [0, 0, 0],
						"1.0": [-17.5, 0, 0],
						"2.0": [0, 0, 0]
					}
				}
			}
		},
		"animation.vigoroth.ground_walk": {
			"loop": true,
			"animation_length": 2,
			"bones": {
				"3": {
					"rotation": {
						"0.0": [195.39734, 83.62362, 144.78133],
						"1.0": [322.31937, 86.53119, 271.73942],
						"2.0": [195.39734, 83.62362, 144.78133]
					},
					"position": {
						"0.0": [0, -3, 0],
						"2.0": [0, -3, 0]
					}
				},
				"4": {
					"rotation": {
						"0.0": [0, 0, 0],
						"1.0": [0, -10, 0],
						"2.0": [0, 0, 0]
					}
				},
				"5": {
					"rotation": {
						"0.0": [0, 0, 0],
						"0.5": [25, 0, 0],
						"1.0": [0, 0, 0],
						"1.5": [25, 0, 0],
						"2.0": [0, 0, 0]
					}
				},
				"6": {
					"rotation": {
						"0.0": [0, 0, 0],
						"0.5": [27.5, 0, 0],
						"1.0": [0, 0, 0],
						"1.5": [27.5, 0, 0],
						"2.0": [0, 0, 0]
					}
				},
				"torzo": {
					"position": {
						"0.0": [0, 0, 0],
						"1.0": [0, -1, 0],
						"2.0": [0, 0, 0]
					}
				},
				"art5": {
					"rotation": {
						"0.0": [47.01476, -23.66195, -0.11837],
						"2.0": [47.01476, -23.66195, -0.11837]
					},
					"position": {
						"0.0": [0, 1, -2],
						"2.0": [0, 1, -2]
					}
				},
				"mano3": {
					"rotation": {
						"0.0": [-3.21549, -4.17796, 0.64039],
						"2.0": [-3.21549, -4.17796, 0.64039]
					},
					"position": {
						"0.0": [0, 0, 0],
						"2.0": [0, 0, 0]
					}
				},
				"head": {
					"rotation": {
						"0.0": [0, 0, 0],
						"0.5": [-5.11582, -3.06892, 2.15918],
						"1.0": [4.76837, -6.13784, 4.31837],
						"1.5": [-5.11582, -3.06892, 2.15918],
						"2.0": [0, 0, 0]
					}
				},
				"mandibula": {
					"rotation": {
						"0.0": [0, 0, 0],
						"1.0": [-17.5, 0, 0],
						"2.0": [0, 0, 0]
					}
				},
				"body": {
					"rotation": {
						"0.0": [0, 0, 0],
						"0.5": [7.5, 0, 0],
						"1.0": [0, 0, 0],
						"1.5": [7.5, 0, 0],
						"2.0": [0, 0, 0]
					},
					"position": {
						"0.0": [0, 0, 0],
						"0.5": [0, 2, 0],
						"1.0": [0, 0, 0],
						"1.5": [0, 2, 0],
						"2.0": [0, 0, 0]
					}
				},
				"art2": {
					"rotation": {
						"0.0": [0, 0, 0],
						"0.5": [0, 0, 7.5],
						"2.0": [0, 0, 0]
					}
				}
			}
		}
	}
}