{
	"format_version": "1.8.0",
	"animations": {
		"animation.wobbuffet.ground_walk": {
			"loop": true,
			"animation_length": 1.16667,
			"bones": {
				"2": {
					"rotation": {
						"0.0": [0, 0, 0],
						"0.25": [-47.5, 0, 0],
						"0.7083": [0, 0, 0],
						"1.125": [0, 0, 0]
					},
					"position": {
						"0.0": [0, 0, 0],
						"1.125": [0, 0, 0]
					},
					"scale": {
						"0.0": [1, 1, 1],
						"1.125": [1, 1, 1]
					}
				},
				"3": {
					"rotation": {
						"0.0": [0, 0, 0],
						"0.25": [0, 0, -90],
						"0.7083": [0, 0, -52.5],
						"1.125": [0, 0, 0]
					},
					"position": {
						"0.0": [0, 0, 0],
						"1.125": [0, 0, 0]
					},
					"scale": {
						"0.0": [1, 1, 1],
						"1.125": [1, 1, 1]
					}
				},
				"wobbuffet": {
					"rotation": {
						"0.0": [0, 0, 0],
						"1.125": [0, 0, 0]
					},
					"position": {
						"0.0": [0, 0, 0],
						"0.25": [0, 0, 0],
						"0.4583": [0, 8.7, 0],
						"0.7083": [0, 0, 0],
						"1.125": [0, 0, 0]
					},
					"scale": {
						"0.0": [1, 1, 1],
						"1.125": [1, 1, 1]
					}
				},
				"cabeza": {
					"rotation": {
						"0.0": [0, 0, 0],
						"0.25": [12.5, 0, 0],
						"0.7083": [-5, 0, 0],
						"1.125": [0, 0, 0]
					},
					"position": {
						"0.0": [0, 0, 0],
						"1.125": [0, 0, 0]
					},
					"scale": {
						"0.0": [1, 1, 1],
						"1.125": [1, 1, 1]
					}
				},
				"torzo": {
					"rotation": {
						"0.0": [0, 0, 0],
						"0.25": [-6, 0, 0],
						"0.7083": [11.5, 0, 0],
						"1.125": [0, 0, 0]
					},
					"position": {
						"0.0": [0, 0, 0],
						"1.125": [0, 0, 0]
					},
					"scale": {
						"0.0": [1, 1, 1],
						"1.125": [1, 1, 1]
					}
				},
				"brazoizq": {
					"rotation": {
						"0.0": [0, 0, 0],
						"0.25": [30, 0, 0],
						"0.7083": [-127.5, 0, 0],
						"1.125": [0, 0, 0]
					},
					"position": {
						"0.0": [0, 0, 0],
						"1.125": [0, 0, 0]
					},
					"scale": {
						"0.0": [1, 1, 1],
						"1.125": [1, 1, 1]
					}
				},
				"brazoder": {
					"rotation": {
						"0.0": [0, 0, 0],
						"0.25": [-90.37456, -50.68308, -83.63856],
						"0.6667": [76.43443, -94.23311, 84.25858],
						"1.125": [0, 0, 0]
					},
					"position": {
						"0.0": [0, 0, 0],
						"1.125": [0, 0, 0]
					},
					"scale": {
						"0.0": [1, 1, 1],
						"1.125": [1, 1, 1]
					}
				},
				"pies": {
					"rotation": {
						"0.0": [0, 0, 0],
						"0.25": [-2.5, 0, 0],
						"0.7083": [5, 0, 0],
						"1.125": [0, 0, 0]
					},
					"position": {
						"0.0": [0, 0, 0],
						"1.125": [0, 0, 0]
					},
					"scale": {
						"0.0": [1, 1, 1],
						"1.125": [1, 1, 1]
					}
				},
				"cola": {
					"rotation": {
						"0.0": [0, 0, 0],
						"0.25": [-45, 0, 0],
						"1.125": [0, 0, 0]
					},
					"position": {
						"0.0": [0, 0, 0],
						"1.125": [0, 0, 0]
					},
					"scale": {
						"0.0": [1, 1, 1],
						"1.125": [1, 1, 1]
					}
				},
				"gorro": {
					"rotation": {
						"0.0": [0, 0, 0],
						"0.4583": [25, 0, 0],
						"1.125": [0, 0, 0]
					},
					"position": {
						"0.0": [0, 0, 0],
						"1.125": [0, 0, 0]
					},
					"scale": {
						"0.0": [1, 1, 1],
						"1.125": [1, 1, 1]
					}
				}
			}
		},
		"animation.wobbuffet.ground_idle": {
			"loop": true,
			"animation_length": 4.5,
			"bones": {
				"2": {
					"rotation": {
						"0.0": [0, 0, 0],
						"2.5": [-17.5, 0, 0],
						"4.5": [0, 0, 0]
					},
					"position": [0, 0, 0],
					"scale": 1
				},
				"3": {
					"rotation": {
						"0.0": [0, 0, 0],
						"2.5": [0, 0, -25],
						"4.5": [0, 0, 0]
					},
					"position": [0, 0, 0],
					"scale": 1
				},
				"wobbuffet": {
					"rotation": [0, 0, 0],
					"position": [0, 0, 0],
					"scale": 1
				},
				"cabeza": {
					"rotation": {
						"0.0": [0, 0, 0],
						"1.5": [3, -7.5, 0],
						"3.0": [-3, 7.5, 0],
						"4.5": [0, 0, 0]
					},
					"position": [0, 0, 0],
					"scale": 1
				},
				"torzo": {
					"rotation": {
						"0.0": [0, 0, 0],
						"1.5": [0, -5, 0],
						"3.0": [0, 2.5, 0],
						"4.5": [0, 0, 0]
					},
					"position": [0, 0, 0],
					"scale": 1
				},
				"brazoizq": {
					"rotation": [0, 0, 0],
					"position": [0, 0, 0],
					"scale": 1
				},
				"brazoder": {
					"rotation": [0, 0, 0],
					"position": [0, 0, 0],
					"scale": 1
				},
				"pies": {
					"rotation": [0, 0, 0],
					"position": [0, 0, 0],
					"scale": 1
				},
				"cola": {
					"rotation": {
						"0.0": [0, 0, 0],
						"1.5": [-17.5, 0, 0],
						"3.0": [7.5, 0, 0],
						"4.5": [0, 0, 0]
					},
					"position": [0, 0, 0],
					"scale": 1
				},
				"gorro": {
					"rotation": {
						"0.0": [0, 0, 0],
						"1.5": [5, 0, 0],
						"3.0": [-12.5, 0, 0],
						"4.5": [0, 0, 0]
					},
					"position": [0, 0, 0],
					"scale": 1
				}
			}
		}
	}
}