{
	"format_version": "1.8.0",
	"animations": {
		"animation.latias.faint": {
			"animation_length": 2.2,
			"bones": {
				"neck_1": {
					"rotation": {
						"0.0": [35, 0, 0],
						"1.12": [5, 0, 0],
						"1.6": [30, 0, 0],
						"1.8": [30.69284, 16.88547, 4.6653]
					}
				},
				"head": {
					"rotation": {
						"0.0": [0, 0, 0],
						"1.8": [0, 22.5, 0]
					},
					"position": [0, 0, 0]
				},
				"arm_upper_right": {
					"rotation": {
						"0.0": [0, 15, -67.5],
						"0.56": [0, -22.5, -67.5],
						"0.8": [0, -22.5, -67.5],
						"1.12": [-16.32495, -15.69986, -20.23421],
						"1.8": [-4.11405, -22.13991, -56.69476]
					}
				},
				"arm_lower_right": {
					"rotation": {
						"0.0": [63.54279, -17.1131, 59.49037],
						"1.12": [60.32972, -10.02198, 73.09984],
						"1.8": [83.86087, 1.47621, 92.52769]
					}
				},
				"arm_upper_left": {
					"rotation": {
						"0.0": [0, -10, 62.5],
						"0.56": [5.03837, -8.64917, 32.11874],
						"0.8": [5.03837, -8.64917, 32.11874],
						"1.8": [-5.41207, -8.42145, 95.39875]
					}
				},
				"arm_lower_left": {
					"rotation": {
						"0.0": [65.64007, 24.14351, -55.04276],
						"1.12": [57.83765, 10.89516, -80.40638],
						"1.8": [83.29868, 33.17508, -19.25507]
					}
				},
				"torso_back": {
					"rotation": {
						"0.0": [-50, 0, 0],
						"0.28": [-72.5, 0, 0],
						"0.56": [-47.5, 0, 0],
						"0.8": [-40.1076, -3.82821, 3.21873],
						"1.12": [-23.16816, -6.95912, -1.88155],
						"1.6": [-35.8594, 13.04096, -44.5768]
					},
					"position": [0, 18, 0]
				},
				"rear": {
					"rotation": {
						"0.0": [0, 0, 0],
						"1.12": [10, 0, 0],
						"1.6": [-17.5, 0, 0]
					}
				},
				"torso_front": {
					"rotation": {
						"0.0": [0, 0, 0],
						"0.28": [15, 0, 0],
						"1.12": [12.72074, 9.65594, 2.61298]
					}
				},
				"neck_2": {
					"rotation": {
						"0.0": [0, 0, 0],
						"0.28": [15, 0, 0],
						"0.56": [-20, 0, 0],
						"0.8": [-20, 0, 0],
						"1.12": [-37.5, 0, 0],
						"1.6": [-15, 0, 0],
						"1.8": [-15.50409, 14.47751, -3.96713]
					}
				},
				"head_front": {
					"rotation": {
						"0.0": [0, 0, 0],
						"1.6": [15, 0, 0]
					}
				},
				"eyes": {
					"scale": {
						"0.0": [1, 1, 1],
						"0.28": [1, 0.5, 1],
						"0.56": [1, 1.1, 1],
						"0.8": [1, 0.7, 1],
						"1.6": [1, 0, 1]
					}
				}
			}
		},
		"animation.latias.ground_idle": {
			"loop": true,
			"bones": {
				"torso_back": {
					"rotation": [-32.5, 0, 0],
					"position": [0, 14, 0]
				},
				"neck_1": {
					"rotation": [35, 0, 0]
				},
				"head": {
					"position": [0, 0, 0]
				},
				"arm_upper_right": {
					"rotation": [0, 15, -67.5]
				},
				"arm_lower_right": {
					"rotation": [63.54279, -17.1131, 59.49037]
				},
				"arm_upper_left": {
					"rotation": [0, -10, 62.5]
				},
				"arm_lower_left": {
					"rotation": [65.64007, 24.14351, -55.04276]
				}
			}
		},
		"animation.latias.air_idle": {
			"loop": true,
			"bones": {
				"neck_1": {
					"rotation": [35, 0, 0]
				},
				"head": {
					"position": [0, 0, 0]
				},
				"arm_upper_right": {
					"rotation": [0, 15, -67.5]
				},
				"arm_lower_right": {
					"rotation": [63.54279, -17.1131, 59.49037]
				},
				"arm_upper_left": {
					"rotation": [0, -10, 62.5]
				},
				"arm_lower_left": {
					"rotation": [65.64007, 24.14351, -55.04276]
				},
				"torso_back": {
					"rotation": [-32.5, 0, 0],
					"position": [0, 14, 0]
				}
			}
		},
		"animation.latias.air_fly": {
			"loop": true,
			"bones": {
				"arm_upper_right": {
					"rotation": [0, 0, -80]
				},
				"arm_lower_right": {
					"rotation": [17.5, 0, 87.5]
				},
				"arm_upper_left": {
					"rotation": [0, 0, 77.5]
				},
				"arm_lower_left": {
					"rotation": [25, 0, -87.5]
				},
				"torso_back": {
					"position": [0, 14, 0]
				}
			}
		},
		"animation.latias.ground_walk": {
			"loop": true,
			"bones": {
				"torso_back": {
					"position": [0, 14, 0]
				},
				"arm_upper_right": {
					"rotation": [0, 0, -80]
				},
				"arm_lower_right": {
					"rotation": [17.5, 0, 87.5]
				},
				"arm_upper_left": {
					"rotation": [0, 0, 77.5]
				},
				"arm_lower_left": {
					"rotation": [25, 0, -87.5]
				}
			}
		},
		"animation.latias.sleep": {
			"loop": true,
			"bones": {
				"latios": {
					"position": [0, 10, 0]
				},
				"arm_upper_right": {
					"rotation": [0, -32.5, -80]
				},
				"arm_lower_right": {
					"rotation": [30.1425, -8.73629, 97.68009]
				},
				"arm_upper_left": {
					"rotation": [0, 42.5, 77.5]
				},
				"arm_lower_left": {
					"rotation": [43.5395, 13.60973, -61.21301]
				},
				"torso_back": {
					"position": [0, -10, 0]
				},
				"torso_front": {
					"rotation": [7.5, 0, 0]
				},
				"neck_2": {
					"rotation": [23.82472, 31.99147, 6.5794]
				},
				"neck_1": {
					"rotation": [-3.74538, 24.3683, -5.7632]
				},
				"head": {
					"rotation": [-2.75806, 24.97457, -1.16524]
				},
				"ears": {
					"rotation": [-45, 0, 0]
				},
				"head_front": {
					"rotation": [-12.5, 0, 0]
				},
				"eyes": {
					"scale": [1, 0.01, 1]
				},
				"wing_right": {
					"rotation": [0, 0, -32.5]
				},
				"wing_left": {
					"rotation": [0, 0, 32.5]
				},
				"hand_right": {
					"rotation": [0, -102.5, 0]
				},
				"hand_left": {
					"rotation": [0, 95, 0]
				}
			}
		}
	}
}